,ID,crim,zn,indus,chas,nox,rm,age,dis,rad,tax,ptratio,black,lstat,pred_result
0,1.0,0.00632,18.0,2.31,0.0,0.5379999999999999,6.575,65.2,4.09,1.0,296.0,15.3,396.9,4.98,22.518064498901367
1,2.0,0.02731,0.0,7.07,0.0,0.469,6.421,78.9,4.9671,2.0,242.0,17.8,396.9,9.14,17.344070434570312
2,4.0,0.032369999999999996,0.0,2.18,0.0,0.45799999999999996,6.997999999999999,45.8,6.0622,3.0,222.0,18.7,394.63,2.94,26.505535125732422
3,5.0,0.06905,0.0,2.18,0.0,0.45799999999999996,7.147,54.2,6.0622,3.0,222.0,18.7,396.9,5.33,28.093061447143555
4,7.0,0.08829,12.5,7.87,0.0,0.524,6.0120000000000005,66.6,5.5605,5.0,311.0,15.2,395.6,12.43,15.377033233642578
5,11.0,0.22489,12.5,7.87,0.0,0.524,6.377000000000001,94.3,6.3467,5.0,311.0,15.2,392.52,20.45,11.116514205932617
6,12.0,0.11747,12.5,7.87,0.0,0.524,6.0089999999999995,82.9,6.2267,5.0,311.0,15.2,396.9,13.27,11.179454803466797
7,13.0,0.09378,12.5,7.87,0.0,0.524,5.888999999999999,39.0,5.4509,5.0,311.0,15.2,390.5,15.71,15.460514068603516
8,14.0,0.62976,0.0,8.14,0.0,0.5379999999999999,5.949,61.8,4.7075,4.0,307.0,21.0,396.9,8.26,13.654560089111328
