,ID,crim,zn,indus,chas,nox,rm,age,dis,rad,tax,ptratio,black,lstat,result
0,1.0,0.006320000160485506,18.0,2.309999942779541,0.0,0.5379999876022339,6.574999809265137,65.19999694824219,4.090000152587891,1.0,296.0,15.300000190734863,396.8999938964844,4.980000019073486,29.28913688659668
1,2.0,0.027310000732541084,0.0,7.070000171661377,0.0,0.4690000116825104,6.421000003814697,78.9000015258789,4.967100143432617,2.0,242.0,17.799999237060547,396.8999938964844,9.140000343322754,39.15363693237305
2,4.0,0.03237000107765198,0.0,2.180000066757202,0.0,0.4580000042915344,6.998000144958496,45.79999923706055,6.06220006942749,3.0,222.0,18.700000762939453,394.6300048828125,2.940000057220459,37.83283615112305
3,5.0,0.06904999911785126,0.0,2.180000066757202,0.0,0.4580000042915344,7.146999835968018,54.20000076293945,6.06220006942749,3.0,222.0,18.700000762939453,396.8999938964844,5.329999923706055,38.59370040893555
4,7.0,0.08828999847173691,12.5,7.869999885559082,0.0,0.5239999890327454,6.01200008392334,66.5999984741211,5.560500144958496,5.0,311.0,15.199999809265137,395.6000061035156,12.430000305175781,40.47394943237305
5,11.0,0.22488999366760254,12.5,7.869999885559082,0.0,0.5239999890327454,6.376999855041504,94.30000305175781,6.346700191497803,5.0,311.0,15.199999809265137,392.5199890136719,20.450000762939453,42.76948165893555
6,12.0,0.11747000366449356,12.5,7.869999885559082,0.0,0.5239999890327454,6.008999824523926,82.9000015258789,6.2266998291015625,5.0,311.0,15.199999809265137,396.8999938964844,13.270000457763672,40.68708419799805
7,13.0,0.09378000348806381,12.5,7.869999885559082,0.0,0.5239999890327454,5.888999938964844,39.0,5.450900077819824,5.0,311.0,15.199999809265137,390.5,15.710000038146973,40.03547286987305
8,14.0,0.6297600269317627,0.0,8.140000343322754,0.0,0.5379999876022339,5.948999881744385,61.79999923706055,4.707499980926514,4.0,307.0,21.0,396.8999938964844,8.260000228881836,36.40925216674805
