{
  "_default": {
    "1": {
      "loss": 183.6567185594159,
      "mean_squared_error": 183.6567185594159,
      "taskid": "af9d9346-6c33-11e7-a761-f81654331f1c"
    },
    "2": {
      "loss": 59.56871195555676,
      "mean_squared_error": 59.56871195555676,
      "taskid": "af9d9346-6c33-11e7-a761-f81654331f1c"
    },
    "3": {
      "loss": 46.572820128188305,
      "mean_squared_error": 46.572820128188305,
      "taskid": "af9d9346-6c33-11e7-a761-f81654331f1c"
    },
    "4": {
      "loss": 39.39415798262645,
      "mean_squared_error": 39.39415798262645,
      "taskid": "af9d9346-6c33-11e7-a761-f81654331f1c"
    },
    "5": {
      "loss": 34.15646305008839,
      "mean_squared_error": 34.15646305008839,
      "taskid": "af9d9346-6c33-11e7-a761-f81654331f1c"
    },
    "6": {
      "loss": 30.664894315093875,
      "mean_squared_error": 30.664894315093875,
      "taskid": "af9d9346-6c33-11e7-a761-f81654331f1c"
    },
    "7": {
      "loss": 28.401825162261844,
      "mean_squared_error": 28.401825162261844,
      "taskid": "af9d9346-6c33-11e7-a761-f81654331f1c"
    },
    "8": {
      "loss": 26.481968989014156,
      "mean_squared_error": 26.481968989014156,
      "taskid": "af9d9346-6c33-11e7-a761-f81654331f1c"
    },
    "9": {
      "loss": 24.554693026033785,
      "mean_squared_error": 24.554693026033785,
      "taskid": "af9d9346-6c33-11e7-a761-f81654331f1c"
    },
    "10": {
      "loss": 22.861742871552117,
      "mean_squared_error": 22.861742871552117,
      "taskid": "af9d9346-6c33-11e7-a761-f81654331f1c"
    },
    "11": {
      "loss": 195.61814753717113,
      "mean_squared_error": 195.61814753717113,
      "taskid": "c9d19fde-6c33-11e7-9fa2-f81654331f1c"
    },
    "12": {
      "loss": 53.262486242965274,
      "mean_squared_error": 53.262486242965274,
      "taskid": "c9d19fde-6c33-11e7-9fa2-f81654331f1c"
    },
    "13": {
      "loss": 42.00641772304128,
      "mean_squared_error": 42.00641772304128,
      "taskid": "c9d19fde-6c33-11e7-9fa2-f81654331f1c"
    },
    "14": {
      "loss": 35.29472928744531,
      "mean_squared_error": 35.29472928744531,
      "taskid": "c9d19fde-6c33-11e7-9fa2-f81654331f1c"
    },
    "15": {
      "loss": 31.496929771815363,
      "mean_squared_error": 31.496929771815363,
      "taskid": "c9d19fde-6c33-11e7-9fa2-f81654331f1c"
    },
    "16": {
      "loss": 27.397703148159586,
      "mean_squared_error": 27.397703148159586,
      "taskid": "c9d19fde-6c33-11e7-9fa2-f81654331f1c"
    },
    "17": {
      "loss": 25.097536373515375,
      "mean_squared_error": 25.097536373515375,
      "taskid": "c9d19fde-6c33-11e7-9fa2-f81654331f1c"
    },
    "18": {
      "loss": 23.116692475179438,
      "mean_squared_error": 23.116692475179438,
      "taskid": "c9d19fde-6c33-11e7-9fa2-f81654331f1c"
    },
    "19": {
      "loss": 20.960010581336945,
      "mean_squared_error": 20.960010581336945,
      "taskid": "c9d19fde-6c33-11e7-9fa2-f81654331f1c"
    },
    "20": {
      "loss": 20.181802387765273,
      "mean_squared_error": 20.181802387765273,
      "taskid": "c9d19fde-6c33-11e7-9fa2-f81654331f1c"
    }
  }
}