{"_default": {"1": {"loss": 171.10457086374637, "mean_squared_error": 171.10457086374637, "taskid": "263537e4-6c36-11e7-baec-f81654331f1c"}, "2": {"loss": 50.4424651828208, "mean_squared_error": 50.4424651828208, "taskid": "263537e4-6c36-11e7-baec-f81654331f1c"}, "3": {"loss": 42.11520234963639, "mean_squared_error": 42.11520234963639, "taskid": "263537e4-6c36-11e7-baec-f81654331f1c"}, "4": {"loss": 36.35821034126131, "mean_squared_error": 36.35821034126131, "taskid": "263537e4-6c36-11e7-baec-f81654331f1c"}, "5": {"loss": 32.34363342556558, "mean_squared_error": 32.34363342556558, "taskid": "263537e4-6c36-11e7-baec-f81654331f1c"}, "6": {"loss": 29.139144543131348, "mean_squared_error": 29.139144543131348, "taskid": "263537e4-6c36-11e7-baec-f81654331f1c"}, "7": {"loss": 27.38111274327214, "mean_squared_error": 27.38111274327214, "taskid": "263537e4-6c36-11e7-baec-f81654331f1c"}, "8": {"loss": 25.649449163745984, "mean_squared_error": 25.649449163745984, "taskid": "263537e4-6c36-11e7-baec-f81654331f1c"}, "9": {"loss": 23.696465036143426, "mean_squared_error": 23.696465036143426, "taskid": "263537e4-6c36-11e7-baec-f81654331f1c"}, "10": {"loss": 22.24165014033261, "mean_squared_error": 22.24165014033261, "taskid": "263537e4-6c36-11e7-baec-f81654331f1c"}, "11": {"loss": 349.72687165633494, "mean_squared_error": 349.72687165633494, "taskid": "303b9f4a-6c36-11e7-8d28-f81654331f1c"}, "12": {"loss": 87.07459960153452, "mean_squared_error": 87.07459960153452, "taskid": "303b9f4a-6c36-11e7-8d28-f81654331f1c"}, "13": {"loss": 62.538122214818664, "mean_squared_error": 62.538122214818664, "taskid": "303b9f4a-6c36-11e7-8d28-f81654331f1c"}, "14": {"loss": 54.83542844146608, "mean_squared_error": 54.83542844146608, "taskid": "303b9f4a-6c36-11e7-8d28-f81654331f1c"}, "15": {"loss": 50.64696249377586, "mean_squared_error": 50.64696249377586, "taskid": "303b9f4a-6c36-11e7-8d28-f81654331f1c"}, "16": {"loss": 46.002385995133594, "mean_squared_error": 46.002385995133594, "taskid": "303b9f4a-6c36-11e7-8d28-f81654331f1c"}, "17": {"loss": 41.11322752760333, "mean_squared_error": 41.11322752760333, "taskid": "303b9f4a-6c36-11e7-8d28-f81654331f1c"}, "18": {"loss": 35.81987184969333, "mean_squared_error": 35.81987184969333, "taskid": "303b9f4a-6c36-11e7-8d28-f81654331f1c"}, "19": {"loss": 31.22143172463881, "mean_squared_error": 31.22143172463881, "taskid": "303b9f4a-6c36-11e7-8d28-f81654331f1c"}, "20": {"loss": 27.96601122829754, "mean_squared_error": 27.96601122829754, "taskid": "303b9f4a-6c36-11e7-8d28-f81654331f1c"}, "21": {"loss": 215.10392682825625, "mean_squared_error": 215.10392682825625, "taskid": "406944c2-6c36-11e7-84be-f81654331f1c"}, "22": {"loss": 68.42885484054625, "mean_squared_error": 68.42885484054625, "taskid": "406944c2-6c36-11e7-84be-f81654331f1c"}, "23": {"loss": 54.43998544489442, "mean_squared_error": 54.43998544489442, "taskid": "406944c2-6c36-11e7-84be-f81654331f1c"}, "24": {"loss": 43.96646543359568, "mean_squared_error": 43.96646543359568, "taskid": "406944c2-6c36-11e7-84be-f81654331f1c"}, "25": {"loss": 35.01304906912943, "mean_squared_error": 35.01304906912943, "taskid": "406944c2-6c36-11e7-84be-f81654331f1c"}, "26": {"loss": 29.950942412666652, "mean_squared_error": 29.950942412666652, "taskid": "406944c2-6c36-11e7-84be-f81654331f1c"}, "27": {"loss": 26.320228802827977, "mean_squared_error": 26.320228802827977, "taskid": "406944c2-6c36-11e7-84be-f81654331f1c"}, "28": {"loss": 23.377810135189254, "mean_squared_error": 23.377810135189254, "taskid": "406944c2-6c36-11e7-84be-f81654331f1c"}, "29": {"loss": 21.620191626869172, "mean_squared_error": 21.620191626869172, "taskid": "406944c2-6c36-11e7-84be-f81654331f1c"}, "30": {"loss": 19.939130760464273, "mean_squared_error": 19.939130760464273, "taskid": "406944c2-6c36-11e7-84be-f81654331f1c"}}}